<?xml version="1.0" encoding="UTF-8"?>
<rss version="2.0" xmlns:ror="http://rorweb.com/0.1/" >
<channel>
  <title>ROR Sitemap for https://domsip.by/</title>
  <link>https://domsip.by/</link>

<item>
     <link>https://domsip.by/</link>
     <title>Дом из СИП панелей в Беларуси лучшие цены и высокое качество&amp;quot;</title>
     <description>Строим дома из СИП панелей под ключ. Собственное производство СИП панелей. Лучшие цены в Беларуси. Отличное качество материалов.</description>
     <ror:updatePeriod></ror:updatePeriod>
     <ror:sortOrder>0</ror:sortOrder>
     <ror:resourceOf>sitemap</ror:resourceOf>
</item>
<item>
     <link>https://domsip.by/sip.html</link>
     <title>СИП панели - ООО &amp;quot;Стильный Дом&amp;quot;</title>
     <description>СИП панели для панельно-каркасного строительства по Канадской технологии. Строим панельно каркасные дома из СИП панелей. Собственное производство СИП панелей, пенопласта разной плотности.</description>
     <ror:updatePeriod></ror:updatePeriod>
     <ror:sortOrder>1</ror:sortOrder>
     <ror:resourceOf>sitemap</ror:resourceOf>
</item>
<item>
     <link>https://domsip.by/lining.html</link>
     <title>Евро вагонка сорта А различных размеров - ООО &amp;quot;Стильный Дом&amp;quot;</title>
     <description>Евро вагонка собственного производства. Возможна доставка. Строим панельно каркасные дома из СИП панелей. Собственное производство СИП панелей, пенопласта разной плотности.</description>
     <ror:updatePeriod></ror:updatePeriod>
     <ror:sortOrder>1</ror:sortOrder>
     <ror:resourceOf>sitemap</ror:resourceOf>
</item>
<item>
     <link>https://domsip.by/styrofoam.html</link>
     <title>Пенопласт - ООО &amp;quot;Стильный Дом&amp;quot;</title>
     <description>Пенопласт собственного производства. Доступная цена. Высокое качество. Строим панельно каркасные дома из СИП панелей. Собственное производство СИП панелей, пенопласта разной плотности.</description>
     <ror:updatePeriod></ror:updatePeriod>
     <ror:sortOrder>1</ror:sortOrder>
     <ror:resourceOf>sitemap</ror:resourceOf>
</item>
<item>
     <link>https://domsip.by/allforhome.html</link>
     <title>Кованные изделия для дома - ООО &amp;quot;Стильный Дом&amp;quot;</title>
     <description>Эксклюзивные предметы ручной работы. Делаем столики, лавки, заборы, навесы и многое другое. Строим панельно каркасные дома из СИП панелей. Собственное производство СИП панелей, пенопласта разной плотности.</description>
     <ror:updatePeriod></ror:updatePeriod>
     <ror:sortOrder>1</ror:sortOrder>
     <ror:resourceOf>sitemap</ror:resourceOf>
</item>
<item>
     <link>https://domsip.by/projects.php</link>
     <title>Дом из СИП - Проекты стр. - 1</title>
     <description>Проекты каркасных домов по канадской технологии из СИП панелей. Проекты стр. - 1.</description>
     <ror:updatePeriod></ror:updatePeriod>
     <ror:sortOrder>1</ror:sortOrder>
     <ror:resourceOf>sitemap</ror:resourceOf>
</item>
<item>
     <link>https://domsip.by/credit.html</link>
     <title>Кредитование - ООО &amp;quot;Стильный Дом&amp;quot;</title>
     <description>Условия кредитования под строительство частного дома. Строим панельно каркасные дома из СИП панелей. Собственное производство СИП панелей, пенопласта разной плотности.</description>
     <ror:updatePeriod></ror:updatePeriod>
     <ror:sortOrder>1</ror:sortOrder>
     <ror:resourceOf>sitemap</ror:resourceOf>
</item>
<item>
     <link>https://domsip.by/price.html</link>
     <title>Цены на продукцию - ООО &amp;quot;Стильный Дом&amp;quot;</title>
     <description>Цены на продукцию и услуги по строительству панелно-каркасных домов - ООО &amp;quot;Стильный Дом&amp;quot;. Строим панельно каркасные дома из СИП панелей. Собственное производство СИП панелей, пенопласта разной плотности.</description>
     <ror:updatePeriod></ror:updatePeriod>
     <ror:sortOrder>1</ror:sortOrder>
     <ror:resourceOf>sitemap</ror:resourceOf>
</item>
<item>
     <link>https://domsip.by/aboutus.html</link>
     <title>ООО &amp;quot;Стильный Дом&amp;quot; - О нас</title>
     <description>Описание деятельности нашего предприятия. Строим панельно каркасные дома из СИП панелей. Собственное производство СИП панелей, пенопласта разной плотности.</description>
     <ror:updatePeriod></ror:updatePeriod>
     <ror:sortOrder>1</ror:sortOrder>
     <ror:resourceOf>sitemap</ror:resourceOf>
</item>
<item>
     <link>https://domsip.by/contacts.html</link>
     <title>Контакты - ООО &amp;quot;Стильный Дом&amp;quot;</title>
     <description>Контактная информация. Реквизиты для оплаты товаров и услуг по строительству.  Строим панельно каркасные дома из СИП панелей. Собственное производство СИП панелей, пенопласта разной плотности.</description>
     <ror:updatePeriod></ror:updatePeriod>
     <ror:sortOrder>1</ror:sortOrder>
     <ror:resourceOf>sitemap</ror:resourceOf>
</item>
<item>
     <link>https://domsip.by/light-house.html</link>
     <title>Коттедж серии &amp;quot;Светлый Дом&amp;quot;</title>
     <description>Новый дом в пригороде г.Минска с полной отделкой, выполнен по технологии умный дом.</description>
     <ror:updatePeriod></ror:updatePeriod>
     <ror:sortOrder>1</ror:sortOrder>
     <ror:resourceOf>sitemap</ror:resourceOf>
</item>
<item>
     <link>https://domsip.by/project.php?id=1</link>
     <title>Проект номер: 1 - ООО &amp;quot;Стильный Дом&amp;quot;</title>
     <description>Красивые проекты каркасных домов, котеджей и дачных домиков. Проект номер: 1.</description>
     <ror:updatePeriod></ror:updatePeriod>
     <ror:sortOrder>1</ror:sortOrder>
     <ror:resourceOf>sitemap</ror:resourceOf>
</item>
<item>
     <link>https://domsip.by/project.php?id=30</link>
     <title>Проект номер: 30 - ООО &amp;quot;Стильный Дом&amp;quot;</title>
     <description>Красивые проекты каркасных домов, котеджей и дачных домиков. Проект номер: 30.</description>
     <ror:updatePeriod></ror:updatePeriod>
     <ror:sortOrder>1</ror:sortOrder>
     <ror:resourceOf>sitemap</ror:resourceOf>
</item>
<item>
     <link>https://domsip.by/project.php?id=6</link>
     <title>Проект номер: 6 - ООО &amp;quot;Стильный Дом&amp;quot;</title>
     <description>Красивые проекты каркасных домов, котеджей и дачных домиков. Проект номер: 6.</description>
     <ror:updatePeriod></ror:updatePeriod>
     <ror:sortOrder>1</ror:sortOrder>
     <ror:resourceOf>sitemap</ror:resourceOf>
</item>
<item>
     <link>https://domsip.by/bench.html</link>
     <title>Кованные лавки для дома - ООО &amp;quot;Стильный Дом&amp;quot;</title>
     <description>Эксклюзивные предметы ручной работы. Лавки и скамейки. Строим панельно каркасные дома из СИП панелей. Собственное производство СИП панелей, пенопласта разной плотности.</description>
     <ror:updatePeriod></ror:updatePeriod>
     <ror:sortOrder>2</ror:sortOrder>
     <ror:resourceOf>sitemap</ror:resourceOf>
</item>
<item>
     <link>https://domsip.by/florist.html</link>
     <title>Кованные элементы декора для дома - ООО &amp;quot;Стильный Дом&amp;quot;</title>
     <description>Эксклюзивные предметы ручной работы. Элементы декора. Строим панельно каркасные дома из СИП панелей. Собственное производство СИП панелей, пенопласта разной плотности.</description>
     <ror:updatePeriod></ror:updatePeriod>
     <ror:sortOrder>2</ror:sortOrder>
     <ror:resourceOf>sitemap</ror:resourceOf>
</item>
<item>
     <link>https://domsip.by/tables.html</link>
     <title>Кованные столики и консоли для дома - ООО &amp;quot;Стильный Дом&amp;quot;</title>
     <description>Кованные столики и консоли ручной работы, каждый предмет индивидуален. Строим панельно каркасные дома из СИП панелей. Собственное производство СИП панелей, пенопласта разной плотности.</description>
     <ror:updatePeriod></ror:updatePeriod>
     <ror:sortOrder>2</ror:sortOrder>
     <ror:resourceOf>sitemap</ror:resourceOf>
</item>
<item>
     <link>https://domsip.by/trumps.html</link>
     <title>Кованные козырьки для дома - ООО &amp;quot;Стильный Дом&amp;quot;</title>
     <description>Кованные козырьки для входных дверей. Строим панельно каркасные дома из СИП панелей. Собственное производство СИП панелей, пенопласта разной плотности.</description>
     <ror:updatePeriod></ror:updatePeriod>
     <ror:sortOrder>2</ror:sortOrder>
     <ror:resourceOf>sitemap</ror:resourceOf>
</item>
<item>
     <link>https://domsip.by/stairs.html</link>
     <title>Кованные лестницы для дома - ООО &amp;quot;Стильный Дом&amp;quot;</title>
     <description>Кованные лестницы любой сложности. Для улицы и интерьеров.  Строим панельно каркасные дома из СИП панелей. Собственное производство СИП панелей, пенопласта разной плотности.</description>
     <ror:updatePeriod></ror:updatePeriod>
     <ror:sortOrder>2</ror:sortOrder>
     <ror:resourceOf>sitemap</ror:resourceOf>
</item>
<item>
     <link>https://domsip.by/balkonies.html</link>
     <title>Кованные балконы и заборы для дома - ООО &amp;quot;Стильный Дом&amp;quot;</title>
     <description>Эксклюзивные предметы ручной работы. Балконы и заборы. Строим панельно каркасные дома из СИП панелей. Собственное производство СИП панелей, пенопласта разной плотности.</description>
     <ror:updatePeriod></ror:updatePeriod>
     <ror:sortOrder>2</ror:sortOrder>
     <ror:resourceOf>sitemap</ror:resourceOf>
</item>
<item>
     <link>https://domsip.by/arbours.html</link>
     <title>Кованные беседки и навесы для дома - ООО &amp;quot;Стильный Дом&amp;quot;</title>
     <description>Эксклюзивные предметы ручной работы. Беседки и навесы. Строим панельно каркасные дома из СИП панелей. Собственное производство СИП панелей, пенопласта разной плотности.</description>
     <ror:updatePeriod></ror:updatePeriod>
     <ror:sortOrder>2</ror:sortOrder>
     <ror:resourceOf>sitemap</ror:resourceOf>
</item>
<item>
     <link>https://domsip.by/projects.php?sort=small</link>
     <title>Дом из СИП - Проекты стр. - 1</title>
     <description>Проекты каркасных домов по канадской технологии из СИП панелей. Проекты стр. - 1.</description>
     <ror:updatePeriod></ror:updatePeriod>
     <ror:sortOrder>2</ror:sortOrder>
     <ror:resourceOf>sitemap</ror:resourceOf>
</item>
<item>
     <link>https://domsip.by/projects.php?sort=middle</link>
     <title>Дом из СИП - Проекты стр. - 1</title>
     <description>Проекты каркасных домов по канадской технологии из СИП панелей. Проекты стр. - 1.</description>
     <ror:updatePeriod></ror:updatePeriod>
     <ror:sortOrder>2</ror:sortOrder>
     <ror:resourceOf>sitemap</ror:resourceOf>
</item>
<item>
     <link>https://domsip.by/projects.php?sort=large</link>
     <title>Дом из СИП - Проекты стр. - 1</title>
     <description>Проекты каркасных домов по канадской технологии из СИП панелей. Проекты стр. - 1.</description>
     <ror:updatePeriod></ror:updatePeriod>
     <ror:sortOrder>2</ror:sortOrder>
     <ror:resourceOf>sitemap</ror:resourceOf>
</item>
<item>
     <link>https://domsip.by/projects.php?id=1</link>
     <title>Дом из СИП - Проекты стр. - 1</title>
     <description>Проекты каркасных домов по канадской технологии из СИП панелей. Проекты стр. - 1.</description>
     <ror:updatePeriod></ror:updatePeriod>
     <ror:sortOrder>2</ror:sortOrder>
     <ror:resourceOf>sitemap</ror:resourceOf>
</item>
<item>
     <link>https://domsip.by/projects.php?id=2</link>
     <title>Дом из СИП - Проекты стр. - 2</title>
     <description>Проекты каркасных домов по канадской технологии из СИП панелей. Проекты стр. - 2.</description>
     <ror:updatePeriod></ror:updatePeriod>
     <ror:sortOrder>2</ror:sortOrder>
     <ror:resourceOf>sitemap</ror:resourceOf>
</item>
<item>
     <link>https://domsip.by/projects.php?id=3</link>
     <title>Дом из СИП - Проекты стр. - 3</title>
     <description>Проекты каркасных домов по канадской технологии из СИП панелей. Проекты стр. - 3.</description>
     <ror:updatePeriod></ror:updatePeriod>
     <ror:sortOrder>2</ror:sortOrder>
     <ror:resourceOf>sitemap</ror:resourceOf>
</item>
<item>
     <link>https://domsip.by/projects.php?id=4</link>
     <title>Дом из СИП - Проекты стр. - 4</title>
     <description>Проекты каркасных домов по канадской технологии из СИП панелей. Проекты стр. - 4.</description>
     <ror:updatePeriod></ror:updatePeriod>
     <ror:sortOrder>2</ror:sortOrder>
     <ror:resourceOf>sitemap</ror:resourceOf>
</item>
<item>
     <link>https://domsip.by/projects.php?id=5</link>
     <title>Дом из СИП - Проекты стр. - 5</title>
     <description>Проекты каркасных домов по канадской технологии из СИП панелей. Проекты стр. - 5.</description>
     <ror:updatePeriod></ror:updatePeriod>
     <ror:sortOrder>2</ror:sortOrder>
     <ror:resourceOf>sitemap</ror:resourceOf>
</item>
<item>
     <link>https://domsip.by/projects.php?id=6</link>
     <title>Дом из СИП - Проекты стр. - 6</title>
     <description>Проекты каркасных домов по канадской технологии из СИП панелей. Проекты стр. - 6.</description>
     <ror:updatePeriod></ror:updatePeriod>
     <ror:sortOrder>2</ror:sortOrder>
     <ror:resourceOf>sitemap</ror:resourceOf>
</item>
<item>
     <link>https://domsip.by/project.php?id=90</link>
     <title>Проект номер: 90 - ООО &amp;quot;Стильный Дом&amp;quot;</title>
     <description>Красивые проекты каркасных домов, котеджей и дачных домиков. Проект номер: 90.</description>
     <ror:updatePeriod></ror:updatePeriod>
     <ror:sortOrder>2</ror:sortOrder>
     <ror:resourceOf>sitemap</ror:resourceOf>
</item>
<item>
     <link>https://domsip.by/project.php?id=89</link>
     <title>Проект номер: 89 - ООО &amp;quot;Стильный Дом&amp;quot;</title>
     <description>Красивые проекты каркасных домов, котеджей и дачных домиков. Проект номер: 89.</description>
     <ror:updatePeriod></ror:updatePeriod>
     <ror:sortOrder>2</ror:sortOrder>
     <ror:resourceOf>sitemap</ror:resourceOf>
</item>
<item>
     <link>https://domsip.by/project.php?id=88</link>
     <title>Проект номер: 88 - ООО &amp;quot;Стильный Дом&amp;quot;</title>
     <description>Красивые проекты каркасных домов, котеджей и дачных домиков. Проект номер: 88.</description>
     <ror:updatePeriod></ror:updatePeriod>
     <ror:sortOrder>2</ror:sortOrder>
     <ror:resourceOf>sitemap</ror:resourceOf>
</item>
<item>
     <link>https://domsip.by/project.php?id=87</link>
     <title>Проект номер: 87 - ООО &amp;quot;Стильный Дом&amp;quot;</title>
     <description>Красивые проекты каркасных домов, котеджей и дачных домиков. Проект номер: 87.</description>
     <ror:updatePeriod></ror:updatePeriod>
     <ror:sortOrder>2</ror:sortOrder>
     <ror:resourceOf>sitemap</ror:resourceOf>
</item>
<item>
     <link>https://domsip.by/project.php?id=86</link>
     <title>Проект номер: 86 - ООО &amp;quot;Стильный Дом&amp;quot;</title>
     <description>Красивые проекты каркасных домов, котеджей и дачных домиков. Проект номер: 86.</description>
     <ror:updatePeriod></ror:updatePeriod>
     <ror:sortOrder>2</ror:sortOrder>
     <ror:resourceOf>sitemap</ror:resourceOf>
</item>
<item>
     <link>https://domsip.by/project.php?id=85</link>
     <title>Проект номер: 85 - ООО &amp;quot;Стильный Дом&amp;quot;</title>
     <description>Красивые проекты каркасных домов, котеджей и дачных домиков. Проект номер: 85.</description>
     <ror:updatePeriod></ror:updatePeriod>
     <ror:sortOrder>2</ror:sortOrder>
     <ror:resourceOf>sitemap</ror:resourceOf>
</item>
<item>
     <link>https://domsip.by/project.php?id=84</link>
     <title>Проект номер: 84 - ООО &amp;quot;Стильный Дом&amp;quot;</title>
     <description>Красивые проекты каркасных домов, котеджей и дачных домиков. Проект номер: 84.</description>
     <ror:updatePeriod></ror:updatePeriod>
     <ror:sortOrder>2</ror:sortOrder>
     <ror:resourceOf>sitemap</ror:resourceOf>
</item>
<item>
     <link>https://domsip.by/project.php?id=83</link>
     <title>Проект номер: 83 - ООО &amp;quot;Стильный Дом&amp;quot;</title>
     <description>Красивые проекты каркасных домов, котеджей и дачных домиков. Проект номер: 83.</description>
     <ror:updatePeriod></ror:updatePeriod>
     <ror:sortOrder>2</ror:sortOrder>
     <ror:resourceOf>sitemap</ror:resourceOf>
</item>
<item>
     <link>https://domsip.by/project.php?id=82</link>
     <title>Проект номер: 82 - ООО &amp;quot;Стильный Дом&amp;quot;</title>
     <description>Красивые проекты каркасных домов, котеджей и дачных домиков. Проект номер: 82.</description>
     <ror:updatePeriod></ror:updatePeriod>
     <ror:sortOrder>2</ror:sortOrder>
     <ror:resourceOf>sitemap</ror:resourceOf>
</item>
<item>
     <link>https://domsip.by/project.php?id=81</link>
     <title>Проект номер: 81 - ООО &amp;quot;Стильный Дом&amp;quot;</title>
     <description>Красивые проекты каркасных домов, котеджей и дачных домиков. Проект номер: 81.</description>
     <ror:updatePeriod></ror:updatePeriod>
     <ror:sortOrder>2</ror:sortOrder>
     <ror:resourceOf>sitemap</ror:resourceOf>
</item>
<item>
     <link>https://domsip.by/project.php?id=80</link>
     <title>Проект номер: 80 - ООО &amp;quot;Стильный Дом&amp;quot;</title>
     <description>Красивые проекты каркасных домов, котеджей и дачных домиков. Проект номер: 80.</description>
     <ror:updatePeriod></ror:updatePeriod>
     <ror:sortOrder>2</ror:sortOrder>
     <ror:resourceOf>sitemap</ror:resourceOf>
</item>
<item>
     <link>https://domsip.by/project.php?id=79</link>
     <title>Проект номер: 79 - ООО &amp;quot;Стильный Дом&amp;quot;</title>
     <description>Красивые проекты каркасных домов, котеджей и дачных домиков. Проект номер: 79.</description>
     <ror:updatePeriod></ror:updatePeriod>
     <ror:sortOrder>2</ror:sortOrder>
     <ror:resourceOf>sitemap</ror:resourceOf>
</item>
<item>
     <link>https://domsip.by/project.php?id=78</link>
     <title>Проект номер: 78 - ООО &amp;quot;Стильный Дом&amp;quot;</title>
     <description>Красивые проекты каркасных домов, котеджей и дачных домиков. Проект номер: 78.</description>
     <ror:updatePeriod></ror:updatePeriod>
     <ror:sortOrder>2</ror:sortOrder>
     <ror:resourceOf>sitemap</ror:resourceOf>
</item>
<item>
     <link>https://domsip.by/project.php?id=77</link>
     <title>Проект номер: 77 - ООО &amp;quot;Стильный Дом&amp;quot;</title>
     <description>Красивые проекты каркасных домов, котеджей и дачных домиков. Проект номер: 77.</description>
     <ror:updatePeriod></ror:updatePeriod>
     <ror:sortOrder>2</ror:sortOrder>
     <ror:resourceOf>sitemap</ror:resourceOf>
</item>
<item>
     <link>https://domsip.by/project.php?id=76</link>
     <title>Проект номер: 76 - ООО &amp;quot;Стильный Дом&amp;quot;</title>
     <description>Красивые проекты каркасных домов, котеджей и дачных домиков. Проект номер: 76.</description>
     <ror:updatePeriod></ror:updatePeriod>
     <ror:sortOrder>2</ror:sortOrder>
     <ror:resourceOf>sitemap</ror:resourceOf>
</item>
<item>
     <link>https://domsip.by/projects.php?id=1&amp;sort=small</link>
     <title></title>
     
     <ror:updatePeriod></ror:updatePeriod>
     <ror:sortOrder>3</ror:sortOrder>
     <ror:resourceOf>sitemap</ror:resourceOf>
</item>
<item>
     <link>https://domsip.by/projects.php?id=2&amp;sort=small</link>
     <title></title>
     
     <ror:updatePeriod></ror:updatePeriod>
     <ror:sortOrder>3</ror:sortOrder>
     <ror:resourceOf>sitemap</ror:resourceOf>
</item>
<item>
     <link>https://domsip.by/project.php?id=58</link>
     <title></title>
     
     <ror:updatePeriod></ror:updatePeriod>
     <ror:sortOrder>3</ror:sortOrder>
     <ror:resourceOf>sitemap</ror:resourceOf>
</item>
<item>
     <link>https://domsip.by/project.php?id=38</link>
     <title></title>
     
     <ror:updatePeriod></ror:updatePeriod>
     <ror:sortOrder>3</ror:sortOrder>
     <ror:resourceOf>sitemap</ror:resourceOf>
</item>
<item>
     <link>https://domsip.by/project.php?id=44</link>
     <title></title>
     
     <ror:updatePeriod></ror:updatePeriod>
     <ror:sortOrder>3</ror:sortOrder>
     <ror:resourceOf>sitemap</ror:resourceOf>
</item>
<item>
     <link>https://domsip.by/project.php?id=68</link>
     <title></title>
     
     <ror:updatePeriod></ror:updatePeriod>
     <ror:sortOrder>3</ror:sortOrder>
     <ror:resourceOf>sitemap</ror:resourceOf>
</item>
<item>
     <link>https://domsip.by/project.php?id=53</link>
     <title></title>
     
     <ror:updatePeriod></ror:updatePeriod>
     <ror:sortOrder>3</ror:sortOrder>
     <ror:resourceOf>sitemap</ror:resourceOf>
</item>
<item>
     <link>https://domsip.by/project.php?id=3</link>
     <title></title>
     
     <ror:updatePeriod></ror:updatePeriod>
     <ror:sortOrder>3</ror:sortOrder>
     <ror:resourceOf>sitemap</ror:resourceOf>
</item>
<item>
     <link>https://domsip.by/project.php?id=9</link>
     <title></title>
     
     <ror:updatePeriod></ror:updatePeriod>
     <ror:sortOrder>3</ror:sortOrder>
     <ror:resourceOf>sitemap</ror:resourceOf>
</item>
<item>
     <link>https://domsip.by/project.php?id=48</link>
     <title></title>
     
     <ror:updatePeriod></ror:updatePeriod>
     <ror:sortOrder>3</ror:sortOrder>
     <ror:resourceOf>sitemap</ror:resourceOf>
</item>
<item>
     <link>https://domsip.by/project.php?id=2</link>
     <title></title>
     
     <ror:updatePeriod></ror:updatePeriod>
     <ror:sortOrder>3</ror:sortOrder>
     <ror:resourceOf>sitemap</ror:resourceOf>
</item>
<item>
     <link>https://domsip.by/project.php?id=34</link>
     <title></title>
     
     <ror:updatePeriod></ror:updatePeriod>
     <ror:sortOrder>3</ror:sortOrder>
     <ror:resourceOf>sitemap</ror:resourceOf>
</item>
<item>
     <link>https://domsip.by/projects.php?id=1&amp;sort=middle</link>
     <title></title>
     
     <ror:updatePeriod></ror:updatePeriod>
     <ror:sortOrder>3</ror:sortOrder>
     <ror:resourceOf>sitemap</ror:resourceOf>
</item>
<item>
     <link>https://domsip.by/projects.php?id=2&amp;sort=middle</link>
     <title></title>
     
     <ror:updatePeriod></ror:updatePeriod>
     <ror:sortOrder>3</ror:sortOrder>
     <ror:resourceOf>sitemap</ror:resourceOf>
</item>
<item>
     <link>https://domsip.by/projects.php?id=3&amp;sort=middle</link>
     <title></title>
     
     <ror:updatePeriod></ror:updatePeriod>
     <ror:sortOrder>3</ror:sortOrder>
     <ror:resourceOf>sitemap</ror:resourceOf>
</item>
<item>
     <link>https://domsip.by/project.php?id=55</link>
     <title></title>
     
     <ror:updatePeriod></ror:updatePeriod>
     <ror:sortOrder>3</ror:sortOrder>
     <ror:resourceOf>sitemap</ror:resourceOf>
</item>
<item>
     <link>https://domsip.by/project.php?id=22</link>
     <title></title>
     
     <ror:updatePeriod></ror:updatePeriod>
     <ror:sortOrder>3</ror:sortOrder>
     <ror:resourceOf>sitemap</ror:resourceOf>
</item>
<item>
     <link>https://domsip.by/project.php?id=8</link>
     <title></title>
     
     <ror:updatePeriod></ror:updatePeriod>
     <ror:sortOrder>3</ror:sortOrder>
     <ror:resourceOf>sitemap</ror:resourceOf>
</item>
<item>
     <link>https://domsip.by/project.php?id=43</link>
     <title></title>
     
     <ror:updatePeriod></ror:updatePeriod>
     <ror:sortOrder>3</ror:sortOrder>
     <ror:resourceOf>sitemap</ror:resourceOf>
</item>
<item>
     <link>https://domsip.by/project.php?id=74</link>
     <title></title>
     
     <ror:updatePeriod></ror:updatePeriod>
     <ror:sortOrder>3</ror:sortOrder>
     <ror:resourceOf>sitemap</ror:resourceOf>
</item>
<item>
     <link>https://domsip.by/project.php?id=5</link>
     <title></title>
     
     <ror:updatePeriod></ror:updatePeriod>
     <ror:sortOrder>3</ror:sortOrder>
     <ror:resourceOf>sitemap</ror:resourceOf>
</item>
<item>
     <link>https://domsip.by/project.php?id=40</link>
     <title></title>
     
     <ror:updatePeriod></ror:updatePeriod>
     <ror:sortOrder>3</ror:sortOrder>
     <ror:resourceOf>sitemap</ror:resourceOf>
</item>
<item>
     <link>https://domsip.by/project.php?id=65</link>
     <title></title>
     
     <ror:updatePeriod></ror:updatePeriod>
     <ror:sortOrder>3</ror:sortOrder>
     <ror:resourceOf>sitemap</ror:resourceOf>
</item>
<item>
     <link>https://domsip.by/project.php?id=72</link>
     <title></title>
     
     <ror:updatePeriod></ror:updatePeriod>
     <ror:sortOrder>3</ror:sortOrder>
     <ror:resourceOf>sitemap</ror:resourceOf>
</item>
<item>
     <link>https://domsip.by/project.php?id=51</link>
     <title></title>
     
     <ror:updatePeriod></ror:updatePeriod>
     <ror:sortOrder>3</ror:sortOrder>
     <ror:resourceOf>sitemap</ror:resourceOf>
</item>
<item>
     <link>https://domsip.by/project.php?id=62</link>
     <title>Проект номер: 62 - ООО &amp;quot;Стильный Дом&amp;quot;</title>
     <description>Красивые проекты каркасных домов, котеджей и дачных домиков. Проект номер: 62.</description>
     <ror:updatePeriod></ror:updatePeriod>
     <ror:sortOrder>3</ror:sortOrder>
     <ror:resourceOf>sitemap</ror:resourceOf>
</item>
<item>
     <link>https://domsip.by/project.php?id=17</link>
     <title>Проект номер: 17 - ООО &amp;quot;Стильный Дом&amp;quot;</title>
     <description>Красивые проекты каркасных домов, котеджей и дачных домиков. Проект номер: 17.</description>
     <ror:updatePeriod></ror:updatePeriod>
     <ror:sortOrder>3</ror:sortOrder>
     <ror:resourceOf>sitemap</ror:resourceOf>
</item>
<item>
     <link>https://domsip.by/project.php?id=28</link>
     <title>Проект номер: 28 - ООО &amp;quot;Стильный Дом&amp;quot;</title>
     <description>Красивые проекты каркасных домов, котеджей и дачных домиков. Проект номер: 28.</description>
     <ror:updatePeriod></ror:updatePeriod>
     <ror:sortOrder>3</ror:sortOrder>
     <ror:resourceOf>sitemap</ror:resourceOf>
</item>
<item>
     <link>https://domsip.by/project.php?id=59</link>
     <title>Проект номер: 59 - ООО &amp;quot;Стильный Дом&amp;quot;</title>
     <description>Красивые проекты каркасных домов, котеджей и дачных домиков. Проект номер: 59.</description>
     <ror:updatePeriod></ror:updatePeriod>
     <ror:sortOrder>3</ror:sortOrder>
     <ror:resourceOf>sitemap</ror:resourceOf>
</item>
<item>
     <link>https://domsip.by/projects.php?id=1&amp;sort=large</link>
     <title>Дом из СИП - Проекты стр. - 1</title>
     <description>Проекты каркасных домов по канадской технологии из СИП панелей. Проекты стр. - 1.</description>
     <ror:updatePeriod></ror:updatePeriod>
     <ror:sortOrder>3</ror:sortOrder>
     <ror:resourceOf>sitemap</ror:resourceOf>
</item>
<item>
     <link>https://domsip.by/projects.php?id=2&amp;sort=large</link>
     <title>Дом из СИП - Проекты стр. - 2</title>
     <description>Проекты каркасных домов по канадской технологии из СИП панелей. Проекты стр. - 2.</description>
     <ror:updatePeriod></ror:updatePeriod>
     <ror:sortOrder>3</ror:sortOrder>
     <ror:resourceOf>sitemap</ror:resourceOf>
</item>
<item>
     <link>https://domsip.by/projects.php?id=3&amp;sort=large</link>
     <title>Дом из СИП - Проекты стр. - 3</title>
     <description>Проекты каркасных домов по канадской технологии из СИП панелей. Проекты стр. - 3.</description>
     <ror:updatePeriod></ror:updatePeriod>
     <ror:sortOrder>3</ror:sortOrder>
     <ror:resourceOf>sitemap</ror:resourceOf>
</item>
<item>
     <link>https://domsip.by/project.php?id=4</link>
     <title>Проект номер: 4 - ООО &amp;quot;Стильный Дом&amp;quot;</title>
     <description>Красивые проекты каркасных домов, котеджей и дачных домиков. Проект номер: 4.</description>
     <ror:updatePeriod></ror:updatePeriod>
     <ror:sortOrder>3</ror:sortOrder>
     <ror:resourceOf>sitemap</ror:resourceOf>
</item>
<item>
     <link>https://domsip.by/project.php?id=73</link>
     <title>Проект номер: 73 - ООО &amp;quot;Стильный Дом&amp;quot;</title>
     <description>Красивые проекты каркасных домов, котеджей и дачных домиков. Проект номер: 73.</description>
     <ror:updatePeriod></ror:updatePeriod>
     <ror:sortOrder>3</ror:sortOrder>
     <ror:resourceOf>sitemap</ror:resourceOf>
</item>
<item>
     <link>https://domsip.by/project.php?id=12</link>
     <title>Проект номер: 12 - ООО &amp;quot;Стильный Дом&amp;quot;</title>
     <description>Красивые проекты каркасных домов, котеджей и дачных домиков. Проект номер: 12.</description>
     <ror:updatePeriod></ror:updatePeriod>
     <ror:sortOrder>3</ror:sortOrder>
     <ror:resourceOf>sitemap</ror:resourceOf>
</item>
<item>
     <link>https://domsip.by/project.php?id=18</link>
     <title>Проект номер: 18 - ООО &amp;quot;Стильный Дом&amp;quot;</title>
     <description>Красивые проекты каркасных домов, котеджей и дачных домиков. Проект номер: 18.</description>
     <ror:updatePeriod></ror:updatePeriod>
     <ror:sortOrder>3</ror:sortOrder>
     <ror:resourceOf>sitemap</ror:resourceOf>
</item>
<item>
     <link>https://domsip.by/project.php?id=19</link>
     <title>Проект номер: 19 - ООО &amp;quot;Стильный Дом&amp;quot;</title>
     <description>Красивые проекты каркасных домов, котеджей и дачных домиков. Проект номер: 19.</description>
     <ror:updatePeriod></ror:updatePeriod>
     <ror:sortOrder>3</ror:sortOrder>
     <ror:resourceOf>sitemap</ror:resourceOf>
</item>
<item>
     <link>https://domsip.by/project.php?id=14</link>
     <title>Проект номер: 14 - ООО &amp;quot;Стильный Дом&amp;quot;</title>
     <description>Красивые проекты каркасных домов, котеджей и дачных домиков. Проект номер: 14.</description>
     <ror:updatePeriod></ror:updatePeriod>
     <ror:sortOrder>3</ror:sortOrder>
     <ror:resourceOf>sitemap</ror:resourceOf>
</item>
<item>
     <link>https://domsip.by/project.php?id=25</link>
     <title>Проект номер: 25 - ООО &amp;quot;Стильный Дом&amp;quot;</title>
     <description>Красивые проекты каркасных домов, котеджей и дачных домиков. Проект номер: 25.</description>
     <ror:updatePeriod></ror:updatePeriod>
     <ror:sortOrder>3</ror:sortOrder>
     <ror:resourceOf>sitemap</ror:resourceOf>
</item>
<item>
     <link>https://domsip.by/project.php?id=15</link>
     <title>Проект номер: 15 - ООО &amp;quot;Стильный Дом&amp;quot;</title>
     <description>Красивые проекты каркасных домов, котеджей и дачных домиков. Проект номер: 15.</description>
     <ror:updatePeriod></ror:updatePeriod>
     <ror:sortOrder>3</ror:sortOrder>
     <ror:resourceOf>sitemap</ror:resourceOf>
</item>
<item>
     <link>https://domsip.by/project.php?id=31</link>
     <title>Проект номер: 31 - ООО &amp;quot;Стильный Дом&amp;quot;</title>
     <description>Красивые проекты каркасных домов, котеджей и дачных домиков. Проект номер: 31.</description>
     <ror:updatePeriod></ror:updatePeriod>
     <ror:sortOrder>3</ror:sortOrder>
     <ror:resourceOf>sitemap</ror:resourceOf>
</item>
<item>
     <link>https://domsip.by/project.php?id=56</link>
     <title>Проект номер: 56 - ООО &amp;quot;Стильный Дом&amp;quot;</title>
     <description>Красивые проекты каркасных домов, котеджей и дачных домиков. Проект номер: 56.</description>
     <ror:updatePeriod></ror:updatePeriod>
     <ror:sortOrder>3</ror:sortOrder>
     <ror:resourceOf>sitemap</ror:resourceOf>
</item>
<item>
     <link>https://domsip.by/project.php?id=10</link>
     <title>Проект номер: 10 - ООО &amp;quot;Стильный Дом&amp;quot;</title>
     <description>Красивые проекты каркасных домов, котеджей и дачных домиков. Проект номер: 10.</description>
     <ror:updatePeriod></ror:updatePeriod>
     <ror:sortOrder>3</ror:sortOrder>
     <ror:resourceOf>sitemap</ror:resourceOf>
</item>
<item>
     <link>https://domsip.by/project.php?id=60</link>
     <title>Проект номер: 60 - ООО &amp;quot;Стильный Дом&amp;quot;</title>
     <description>Красивые проекты каркасных домов, котеджей и дачных домиков. Проект номер: 60.</description>
     <ror:updatePeriod></ror:updatePeriod>
     <ror:sortOrder>3</ror:sortOrder>
     <ror:resourceOf>sitemap</ror:resourceOf>
</item>
<item>
     <link>https://domsip.by/project.php?id=54</link>
     <title>Проект номер: 54 - ООО &amp;quot;Стильный Дом&amp;quot;</title>
     <description>Красивые проекты каркасных домов, котеджей и дачных домиков. Проект номер: 54.</description>
     <ror:updatePeriod></ror:updatePeriod>
     <ror:sortOrder>3</ror:sortOrder>
     <ror:resourceOf>sitemap</ror:resourceOf>
</item>
<item>
     <link>https://domsip.by/project.php?id=75</link>
     <title>Проект номер: 75 - ООО &amp;quot;Стильный Дом&amp;quot;</title>
     <description>Красивые проекты каркасных домов, котеджей и дачных домиков. Проект номер: 75.</description>
     <ror:updatePeriod></ror:updatePeriod>
     <ror:sortOrder>3</ror:sortOrder>
     <ror:resourceOf>sitemap</ror:resourceOf>
</item>
<item>
     <link>https://domsip.by/project.php?id=71</link>
     <title>Проект номер: 71 - ООО &amp;quot;Стильный Дом&amp;quot;</title>
     <description>Красивые проекты каркасных домов, котеджей и дачных домиков. Проект номер: 71.</description>
     <ror:updatePeriod></ror:updatePeriod>
     <ror:sortOrder>3</ror:sortOrder>
     <ror:resourceOf>sitemap</ror:resourceOf>
</item>
<item>
     <link>https://domsip.by/project.php?id=70</link>
     <title>Проект номер: 70 - ООО &amp;quot;Стильный Дом&amp;quot;</title>
     <description>Красивые проекты каркасных домов, котеджей и дачных домиков. Проект номер: 70.</description>
     <ror:updatePeriod></ror:updatePeriod>
     <ror:sortOrder>3</ror:sortOrder>
     <ror:resourceOf>sitemap</ror:resourceOf>
</item>
<item>
     <link>https://domsip.by/project.php?id=69</link>
     <title>Проект номер: 69 - ООО &amp;quot;Стильный Дом&amp;quot;</title>
     <description>Красивые проекты каркасных домов, котеджей и дачных домиков. Проект номер: 69.</description>
     <ror:updatePeriod></ror:updatePeriod>
     <ror:sortOrder>3</ror:sortOrder>
     <ror:resourceOf>sitemap</ror:resourceOf>
</item>
<item>
     <link>https://domsip.by/project.php?id=67</link>
     <title>Проект номер: 67 - ООО &amp;quot;Стильный Дом&amp;quot;</title>
     <description>Красивые проекты каркасных домов, котеджей и дачных домиков. Проект номер: 67.</description>
     <ror:updatePeriod></ror:updatePeriod>
     <ror:sortOrder>3</ror:sortOrder>
     <ror:resourceOf>sitemap</ror:resourceOf>
</item>
<item>
     <link>https://domsip.by/project.php?id=66</link>
     <title>Проект номер: 66 - ООО &amp;quot;Стильный Дом&amp;quot;</title>
     <description>Красивые проекты каркасных домов, котеджей и дачных домиков. Проект номер: 66.</description>
     <ror:updatePeriod></ror:updatePeriod>
     <ror:sortOrder>3</ror:sortOrder>
     <ror:resourceOf>sitemap</ror:resourceOf>
</item>
<item>
     <link>https://domsip.by/project.php?id=64</link>
     <title>Проект номер: 64 - ООО &amp;quot;Стильный Дом&amp;quot;</title>
     <description>Красивые проекты каркасных домов, котеджей и дачных домиков. Проект номер: 64.</description>
     <ror:updatePeriod></ror:updatePeriod>
     <ror:sortOrder>3</ror:sortOrder>
     <ror:resourceOf>sitemap</ror:resourceOf>
</item>
<item>
     <link>https://domsip.by/project.php?id=63</link>
     <title>Проект номер: 63 - ООО &amp;quot;Стильный Дом&amp;quot;</title>
     <description>Красивые проекты каркасных домов, котеджей и дачных домиков. Проект номер: 63.</description>
     <ror:updatePeriod></ror:updatePeriod>
     <ror:sortOrder>3</ror:sortOrder>
     <ror:resourceOf>sitemap</ror:resourceOf>
</item>
<item>
     <link>https://domsip.by/project.php?id=61</link>
     <title>Проект номер: 61 - ООО &amp;quot;Стильный Дом&amp;quot;</title>
     <description>Красивые проекты каркасных домов, котеджей и дачных домиков. Проект номер: 61.</description>
     <ror:updatePeriod></ror:updatePeriod>
     <ror:sortOrder>3</ror:sortOrder>
     <ror:resourceOf>sitemap</ror:resourceOf>
</item>
<item>
     <link>https://domsip.by/project.php?id=57</link>
     <title>Проект номер: 57 - ООО &amp;quot;Стильный Дом&amp;quot;</title>
     <description>Красивые проекты каркасных домов, котеджей и дачных домиков. Проект номер: 57.</description>
     <ror:updatePeriod></ror:updatePeriod>
     <ror:sortOrder>3</ror:sortOrder>
     <ror:resourceOf>sitemap</ror:resourceOf>
</item>
<item>
     <link>https://domsip.by/project.php?id=52</link>
     <title>Проект номер: 52 - ООО &amp;quot;Стильный Дом&amp;quot;</title>
     <description>Красивые проекты каркасных домов, котеджей и дачных домиков. Проект номер: 52.</description>
     <ror:updatePeriod></ror:updatePeriod>
     <ror:sortOrder>3</ror:sortOrder>
     <ror:resourceOf>sitemap</ror:resourceOf>
</item>
<item>
     <link>https://domsip.by/project.php?id=50</link>
     <title>Проект номер: 50 - ООО &amp;quot;Стильный Дом&amp;quot;</title>
     <description>Красивые проекты каркасных домов, котеджей и дачных домиков. Проект номер: 50.</description>
     <ror:updatePeriod></ror:updatePeriod>
     <ror:sortOrder>3</ror:sortOrder>
     <ror:resourceOf>sitemap</ror:resourceOf>
</item>
<item>
     <link>https://domsip.by/project.php?id=49</link>
     <title>Проект номер: 49 - ООО &amp;quot;Стильный Дом&amp;quot;</title>
     <description>Красивые проекты каркасных домов, котеджей и дачных домиков. Проект номер: 49.</description>
     <ror:updatePeriod></ror:updatePeriod>
     <ror:sortOrder>3</ror:sortOrder>
     <ror:resourceOf>sitemap</ror:resourceOf>
</item>
<item>
     <link>https://domsip.by/project.php?id=47</link>
     <title>Проект номер: 47 - ООО &amp;quot;Стильный Дом&amp;quot;</title>
     <description>Красивые проекты каркасных домов, котеджей и дачных домиков. Проект номер: 47.</description>
     <ror:updatePeriod></ror:updatePeriod>
     <ror:sortOrder>3</ror:sortOrder>
     <ror:resourceOf>sitemap</ror:resourceOf>
</item>
<item>
     <link>https://domsip.by/project.php?id=46</link>
     <title>Проект номер: 46 - ООО &amp;quot;Стильный Дом&amp;quot;</title>
     <description>Красивые проекты каркасных домов, котеджей и дачных домиков. Проект номер: 46.</description>
     <ror:updatePeriod></ror:updatePeriod>
     <ror:sortOrder>3</ror:sortOrder>
     <ror:resourceOf>sitemap</ror:resourceOf>
</item>
<item>
     <link>https://domsip.by/project.php?id=45</link>
     <title>Проект номер: 45 - ООО &amp;quot;Стильный Дом&amp;quot;</title>
     <description>Красивые проекты каркасных домов, котеджей и дачных домиков. Проект номер: 45.</description>
     <ror:updatePeriod></ror:updatePeriod>
     <ror:sortOrder>3</ror:sortOrder>
     <ror:resourceOf>sitemap</ror:resourceOf>
</item>
<item>
     <link>https://domsip.by/project.php?id=42</link>
     <title>Проект номер: 42 - ООО &amp;quot;Стильный Дом&amp;quot;</title>
     <description>Красивые проекты каркасных домов, котеджей и дачных домиков. Проект номер: 42.</description>
     <ror:updatePeriod></ror:updatePeriod>
     <ror:sortOrder>3</ror:sortOrder>
     <ror:resourceOf>sitemap</ror:resourceOf>
</item>
<item>
     <link>https://domsip.by/project.php?id=41</link>
     <title>Проект номер: 41 - ООО &amp;quot;Стильный Дом&amp;quot;</title>
     <description>Красивые проекты каркасных домов, котеджей и дачных домиков. Проект номер: 41.</description>
     <ror:updatePeriod></ror:updatePeriod>
     <ror:sortOrder>3</ror:sortOrder>
     <ror:resourceOf>sitemap</ror:resourceOf>
</item>
<item>
     <link>https://domsip.by/project.php?id=39</link>
     <title>Проект номер: 39 - ООО &amp;quot;Стильный Дом&amp;quot;</title>
     <description>Красивые проекты каркасных домов, котеджей и дачных домиков. Проект номер: 39.</description>
     <ror:updatePeriod></ror:updatePeriod>
     <ror:sortOrder>3</ror:sortOrder>
     <ror:resourceOf>sitemap</ror:resourceOf>
</item>
<item>
     <link>https://domsip.by/project.php?id=37</link>
     <title>Проект номер: 37 - ООО &amp;quot;Стильный Дом&amp;quot;</title>
     <description>Красивые проекты каркасных домов, котеджей и дачных домиков. Проект номер: 37.</description>
     <ror:updatePeriod></ror:updatePeriod>
     <ror:sortOrder>3</ror:sortOrder>
     <ror:resourceOf>sitemap</ror:resourceOf>
</item>
<item>
     <link>https://domsip.by/project.php?id=36</link>
     <title>Проект номер: 36 - ООО &amp;quot;Стильный Дом&amp;quot;</title>
     <description>Красивые проекты каркасных домов, котеджей и дачных домиков. Проект номер: 36.</description>
     <ror:updatePeriod></ror:updatePeriod>
     <ror:sortOrder>3</ror:sortOrder>
     <ror:resourceOf>sitemap</ror:resourceOf>
</item>
<item>
     <link>https://domsip.by/project.php?id=35</link>
     <title>Проект номер: 35 - ООО &amp;quot;Стильный Дом&amp;quot;</title>
     <description>Красивые проекты каркасных домов, котеджей и дачных домиков. Проект номер: 35.</description>
     <ror:updatePeriod></ror:updatePeriod>
     <ror:sortOrder>3</ror:sortOrder>
     <ror:resourceOf>sitemap</ror:resourceOf>
</item>
<item>
     <link>https://domsip.by/project.php?id=33</link>
     <title>Проект номер: 33 - ООО &amp;quot;Стильный Дом&amp;quot;</title>
     <description>Красивые проекты каркасных домов, котеджей и дачных домиков. Проект номер: 33.</description>
     <ror:updatePeriod></ror:updatePeriod>
     <ror:sortOrder>3</ror:sortOrder>
     <ror:resourceOf>sitemap</ror:resourceOf>
</item>
<item>
     <link>https://domsip.by/project.php?id=32</link>
     <title>Проект номер: 32 - ООО &amp;quot;Стильный Дом&amp;quot;</title>
     <description>Красивые проекты каркасных домов, котеджей и дачных домиков. Проект номер: 32.</description>
     <ror:updatePeriod></ror:updatePeriod>
     <ror:sortOrder>3</ror:sortOrder>
     <ror:resourceOf>sitemap</ror:resourceOf>
</item>
<item>
     <link>https://domsip.by/project.php?id=29</link>
     <title>Проект номер: 29 - ООО &amp;quot;Стильный Дом&amp;quot;</title>
     <description>Красивые проекты каркасных домов, котеджей и дачных домиков. Проект номер: 29.</description>
     <ror:updatePeriod></ror:updatePeriod>
     <ror:sortOrder>3</ror:sortOrder>
     <ror:resourceOf>sitemap</ror:resourceOf>
</item>
<item>
     <link>https://domsip.by/project.php?id=27</link>
     <title>Проект номер: 27 - ООО &amp;quot;Стильный Дом&amp;quot;</title>
     <description>Красивые проекты каркасных домов, котеджей и дачных домиков. Проект номер: 27.</description>
     <ror:updatePeriod></ror:updatePeriod>
     <ror:sortOrder>3</ror:sortOrder>
     <ror:resourceOf>sitemap</ror:resourceOf>
</item>
<item>
     <link>https://domsip.by/project.php?id=26</link>
     <title>Проект номер: 26 - ООО &amp;quot;Стильный Дом&amp;quot;</title>
     <description>Красивые проекты каркасных домов, котеджей и дачных домиков. Проект номер: 26.</description>
     <ror:updatePeriod></ror:updatePeriod>
     <ror:sortOrder>3</ror:sortOrder>
     <ror:resourceOf>sitemap</ror:resourceOf>
</item>
<item>
     <link>https://domsip.by/project.php?id=24</link>
     <title>Проект номер: 24 - ООО &amp;quot;Стильный Дом&amp;quot;</title>
     <description>Красивые проекты каркасных домов, котеджей и дачных домиков. Проект номер: 24.</description>
     <ror:updatePeriod></ror:updatePeriod>
     <ror:sortOrder>3</ror:sortOrder>
     <ror:resourceOf>sitemap</ror:resourceOf>
</item>
<item>
     <link>https://domsip.by/project.php?id=23</link>
     <title>Проект номер: 23 - ООО &amp;quot;Стильный Дом&amp;quot;</title>
     <description>Красивые проекты каркасных домов, котеджей и дачных домиков. Проект номер: 23.</description>
     <ror:updatePeriod></ror:updatePeriod>
     <ror:sortOrder>3</ror:sortOrder>
     <ror:resourceOf>sitemap</ror:resourceOf>
</item>
<item>
     <link>https://domsip.by/project.php?id=21</link>
     <title>Проект номер: 21 - ООО &amp;quot;Стильный Дом&amp;quot;</title>
     <description>Красивые проекты каркасных домов, котеджей и дачных домиков. Проект номер: 21.</description>
     <ror:updatePeriod></ror:updatePeriod>
     <ror:sortOrder>3</ror:sortOrder>
     <ror:resourceOf>sitemap</ror:resourceOf>
</item>
<item>
     <link>https://domsip.by/project.php?id=20</link>
     <title>Проект номер: 20 - ООО &amp;quot;Стильный Дом&amp;quot;</title>
     <description>Красивые проекты каркасных домов, котеджей и дачных домиков. Проект номер: 20.</description>
     <ror:updatePeriod></ror:updatePeriod>
     <ror:sortOrder>3</ror:sortOrder>
     <ror:resourceOf>sitemap</ror:resourceOf>
</item>
<item>
     <link>https://domsip.by/project.php?id=16</link>
     <title>Проект номер: 16 - ООО &amp;quot;Стильный Дом&amp;quot;</title>
     <description>Красивые проекты каркасных домов, котеджей и дачных домиков. Проект номер: 16.</description>
     <ror:updatePeriod></ror:updatePeriod>
     <ror:sortOrder>3</ror:sortOrder>
     <ror:resourceOf>sitemap</ror:resourceOf>
</item>
<item>
     <link>https://domsip.by/project.php?id=13</link>
     <title>Проект номер: 13 - ООО &amp;quot;Стильный Дом&amp;quot;</title>
     <description>Красивые проекты каркасных домов, котеджей и дачных домиков. Проект номер: 13.</description>
     <ror:updatePeriod></ror:updatePeriod>
     <ror:sortOrder>3</ror:sortOrder>
     <ror:resourceOf>sitemap</ror:resourceOf>
</item>
<item>
     <link>https://domsip.by/project.php?id=11</link>
     <title>Проект номер: 11 - ООО &amp;quot;Стильный Дом&amp;quot;</title>
     <description>Красивые проекты каркасных домов, котеджей и дачных домиков. Проект номер: 11.</description>
     <ror:updatePeriod></ror:updatePeriod>
     <ror:sortOrder>3</ror:sortOrder>
     <ror:resourceOf>sitemap</ror:resourceOf>
</item>
<item>
     <link>https://domsip.by/project.php?id=7</link>
     <title>Проект номер: 7 - ООО &amp;quot;Стильный Дом&amp;quot;</title>
     <description>Красивые проекты каркасных домов, котеджей и дачных домиков. Проект номер: 7.</description>
     <ror:updatePeriod></ror:updatePeriod>
     <ror:sortOrder>3</ror:sortOrder>
     <ror:resourceOf>sitemap</ror:resourceOf>
</item>
</channel>
</rss>
  